Statistic,Value
count,8760.0
mean,499.9833987113097
std,46.53298675934183
min,342.1805434256991
25%,465.81562259804616
50%,500.1466303182204
75%,534.7153659429255
max,665.4539974001679
